Workbook
Name Route: 'Route Demand'!$A:$A

Sheet Total Boardings by Route
A3: Row Labels | B3: Sum of boarding
A4: R1 | B4: 5348.625
A5: R10 | B5: 2689.625
A6: R2 | B6: 2247
A7: R3 | B7: 5158.25
A8: R4 | B8: 887
A9: R5 | B9: 5379.125
A10: R6 | B10: 2208
A11: R7 | B11: 1724
A12: R8 | B12: 3356.25
A13: R9 | B13: 1260
A14: Grand Total | B14: 30257.875

Sheet Average Boardings by Period
A3: Row Labels | B3: Count of boarding
A4: Evening Peak | B4: 85
A5: Morning Peak | B5: 131
A6: Off-Peak | B6: 284
A7: (blank)
A8: Grand Total | B8: 500

Sheet Pivot Stop
A3: Row Labels | B3: Count of boarding
A4: S01 | B4: 47
A5: S03 | B5: 11
A6: S04 | B6: 17
A7: S05 | B7: 2
A8: S06 | B8: 34
A9: S07 | B9: 26
A10: S08 | B10: 7
A11: S09 | B11: 18
A12: S10 | B12: 11
A13: S11 | B13: 2
A14: S12 | B14: 12
A15: S13 | B15: 4
... A27: UNKNOWN | B27: 15
A28: (blank)
A29: Grand Total | B29: 500

Sheet Pivot Weekend
A3: Row Labels | B3: Count of boarding
A4: 0 | B4: 350
A5: 1 | B5: 150
A6: (blank)
A7: Grand Total | B7: 500

Sheet Pivot Delay
A3: Row Labels | B3: Count of delay_min | C3: Count of delay_flag | D3: Count of completion_rate
A4: R1 | B4: 92 | C4: 92 | D4: 92
A5: R10 | B5: 46 | C5: 46 | D5: 46
A6: R2 | B6: 48 | C6: 48 | D6: 48
A7: R3 | B7: 72 | C7: 72 | D7: 72
A8: R4 | B8: 18 | C8: 18 | D8: 18
A9: R5 | B9: 72 | C9: 72 | D9: 72
A10: R6 | B10: 44 | C10: 44 | D10: 44
A11: R7 | B11: 34 | C11: 34 | D11: 34
A12: R8 | B12: 47 | C12: 47 | D12: 47
A13: R9 | B13: 27 | C13: 27 | D13: 27
A14: (blank)
A15: Grand Total | B15: 500 | C15: 500 | D15: 500

Sheet Pivot Event
A3: Row Labels | B3: Count of boarding | C3: Count of boarding2
A4: Concert | B4: 11 | C4: 11
A5: Cricket Match | B5: 18 | C5: 18
A6: Festival | B6: 16 | C6: 16
A7: No Event | B7: 455 | C7: 455
A8: (blank)
A9: Grand Total | B9: 500 | C9: 500

Sheet Data
A1: trip_id | B1: route | C1: date | D1: weekday | E1: start_time | F1: stop_id | G1: boarding | H1: alighting | I1: distance_km | J1: stop_count | K1: corridor | L1: holiday | M1: event | N1: scheduled_trips | O1: completed_trips | P1: delay_min | Q1: delay_missing | R1: hour | S1: month | T1: day_of_week | U1: is_weekend | V1: peak_period | W1: is_event_day | X1: completion_rate | Y1: delay_flag | Z1: boardings_per_stop | AA1: boardings_per_km | AB1: net_load | AC1: route_avg_delay
A2: T0356 | B2: R6 | C2: 45662 | D2: Sunday | E2: 0.26041667 | F2: S25 | G2: 31 | H2: 28 | I2: 10.1 | J2: 19 | K2: West | L2: 0 | M2: No Event | N2: 34 | O2: 34 | P2: 0.8 | Q2: 0 | R2: 6 | S2: 1 | T2: 6 | U2: 1 | V2: Off-Peak | W2: 0 | X2: 1 | Y2: 0 | Z2: 1.6315789 | AA2: 3.0693069 | AB2: 3 | AC2: 3.6613636
A3: T0332 | B3: R7 | C3: 45688 | D3: Friday | E3: 0.73958333 | F3: S20 | G3: 88 | H3: 87 | I3: 9.5 | J3: 17 | K3: North | L3: 0 | M3: No Event | N3: 35 | O3: 33 | P3: 0.4 | Q3: 0 | R3: 17 | S3: 1 | T3: 4 | U3: 0 | V3: Evening Peak | W3: 0 | X3: 0.94285714 | Y3: 0 | Z3: 5.1764706 | AA3: 9.2631579 | AB3: 1 | AC3: 3.8470588
A4: T0302 | B4: R5 | C4: 45713 | D4: Tuesday | E4: 0.38541667 | F4: S01 | G4: 69 | H4: 64 | I4: 18.4 | J4: 32 | K4: East | L4: 0 | M4: No Event | N4: 19 | O4: 16 | P4: 7.8 | Q4: 0 | R4: 9 | S4: 2 | T4: 1 | U4: 0 | V4: Morning Peak | W4: 0 | X4: 0.84210526 | Y4: 1 | Z4: 2.15625 | AA4: 3.75 | AB4: 5 | AC4: 8.6013889
A5: T0318 | B5: R2 | C5: 45668 | D5: Saturday | E5: 0.64583333 | F5: S25 | G5: 34 | H5: 31 | I5: 8.2 | J5: 15 | K5: Central | L5: 0 | M5: Cricket Match | N5: 38 | O5: 37 | P5: 3.2 | Q5: 0 | R5: 15 | S5: 1 | T5: 5 | U5: 1 | V5: Off-Peak | W5: 1 | X5: 0.97368421 | Y5: 0 | Z5: 2.2666667 | AA5: 4.1463415 | AB5: 3 | AC5: 3.69375
A6: T0323 | B6: R6 | C6: 45666 | D6: Thursday | E6: 0.45833333 | F6: S06 | G6: 45 | H6: 45 | I6: 10.1 | J6: 19 | K6: West | L6: 0 | M6: No Event | N6: 24 | O6: 22 | P6: 3 | Q6: 0 | R6: 11 | S6: 1 | T6: 3 | U6: 0 | V6: Off-Peak | W6: 0 | X6: 0.91666667 | Y6: 0 | Z6: 2.3684211 | AA6: 4.4554455 | AB6: 0 | AC6: 3.6613636
A7: T0166 | B7: R8 | C7: 45680 | D7: Thursday | E7: 0.29166667 | F7: S15 | G7: 120 | H7: 112 | I7: 14.2 | J7: 25 | K7: East | L7: 0 | M7: No Event | N7: 20 | O7: 17 | P7: 5 | Q7: 0 | R7: 7 | S7: 1 | T7: 3 | U7: 0 | V7: Morning Peak | W7: 0 | X7: 0.85 | Y7: 0 | Z7: 4.8 | AA7: 8.4507042 | AB7: 8 | AC7: 8.3255319
A8: T0245 | B8: R1 | C8: 45664 | D8: Tuesday | E8: 0.27083333 | F8: S18 | G8: 56 | H8: 49 | I8: 12.5 | J8: 22 | K8: Central | L8: 0 | M8: No Event | N8: 25 | O8: 25 | P8: 2.7 | Q8: 1 | R8: 6 | S8: 1 | T8: 1 | U8: 0 | V8: Off-Peak | W8: 0 | X8: 1 | Y8: 0 | Z8: 2.5454545 | AA8: 4.48 | AB8: 7 | AC8: 3.476087
A9: T0153 | B9: R1 | C9: 45662 | D9: Sunday | E9: 0.30208333 | F9: S13 | G9: 55 | H9: 55 | I9: 12.5 | J9: 22 | K9: Central | L9: 0 | M9: No Event | N9: 19 | O9: 18 | P9: 4.4 | Q9: 0 | R9: 7 | S9: 1 | T9: 6 | U9: 1 | V9: Morning Peak | W9: 0 | X9: 0.94736842 | Y9: 0 | Z9: 2.5 | AA9: 4.4 | AB9: 0 | AC9: 3.476087
A10: T0416 | B10: R4 | C10: 45669 | D10: Sunday | E10: 0.34375 | F10: S06 | G10: 34 | H10: 33 | I10: 6.8 | J10: 12 | K10: South | L10: 0 | M10: No Event | N10: 38 | O10: 37 | P10: 1.5 | Q10: 0 | R10: 8 | S10: 1 | T10: 6 | U10: 1 | V10: Morning Peak | W10: 0 | X10: 0.97368421 | Y10: 0 | Z10: 2.8333333 | AA10: 5 | AB10: 1 | AC10: 2.7611111
A11: T0440 | B11: R1 | C11: 45682 | D11: Saturday | E11: 0.20833333 | F11: S19 | G11: 50 | H11: 45 | I11: 12.5 | J11: 22 | K11: Central | L11: 0 | M11: Festival | N11: 19 | O11: 18 | P11: 0.9 | Q11: 0 | R11: 5 | S11: 1 | T11: 5 | U11: 1 | V11: Off-Peak | W11: 1 | X11: 0.94736842 | Y11: 0 | Z11: 2.2727273 | AA11: 4 | AB11: 5 | AC11: 3.476087
A12: T0177 | B12: R6 | C12: 45713 | D12: Tuesday | E12: 0.6875 | F12: S01 | G12: 44 | H12: 38 | I12: 10.1 | J12: 19 | K12: West | L12: 0 | M12: No Event | N12: 39 | O12: 38 | P12: 6 | Q12: 0 | R12: 16 | S12: 2 | T12: 1 | U12: 0 | V12: Off-Peak | W12: 0 | X12: 0.97435897 | Y12: 1 | Z12: 2.3157895 | AA12: 4.3564356 | AB12: 6 | AC12: 3.6613636
A13: T0257 | B13: R10 | C13: 45692 | D13: Tuesday | E13: 0.45833333 | F13: S09 | G13: 29 | H13: 27 | I13: 11.6 | J13: 21 | K13: West | L13: 0 | M13: No Event | N13: 36 | O13: 35 | P13: 1.2 | Q13: 0 | R13: 11 | S13: 2 | T13: 1 | U13: 0 | V13: Off-Peak | W13: 0 | X13: 0.97222222 | Y13: 0 | Z13: 1.3809524 | AA13: 2.5 | AB13: 2 | AC13: 2.8021739
... A501: T0016 | B501: R2 | C501: 45708 | D501: Thursday | E501: 0.65625 | F501: S03 | G501: 47 | H501: 42 | I501: 8.2 | J501: 15 | K501: Central | L501: 0 | M501: No Event | N501: 22 | O501: 21 | P501: 2.95 | Q501: 1 | R501: 15 | S501: 2 | T501: 3 | U501: 0 | V501: Off-Peak | W501: 0 | X501: 0.95454545 | Y501: 0 | Z501: 3.1333333 | AA501: 5.7317073 | AB501: 5 | AC501: 3.69375

Sheet Route Demand
A1: Route | B1: Total Boardings | C1: Avg per Trip | D1: Trips | E1: Rank | F1: % Share | H1: Total passengers | I1: =SUM(B2:B11) -> 30257.875
A2: R1 | B2: =SUMIF(Data!$B:$B,A2,Data!$G:$G) -> 5348.625 | C2: =AVERAGEIF(Data!$B:$B,A2,Data!$G:$G) -> 58.137228 | D2: =COUNTIF(Data!$B:$B,A2) -> 92 | E2: =RANK(B2,$B$2:$B$11) -> 2 | F2: =B2/SUM($B$2:$B$11) -> 0.17676803 | H2: Average per route | I2: =AVERAGE(B2:B11) -> 3025.7875
A3: R2 | B3: =SUMIF(Data!$B:$B,A3,Data!$G:$G) -> 2247 | C3: =AVERAGEIF(Data!$B:$B,A3,Data!$G:$G) -> 46.8125 | D3: =COUNTIF(Data!$B:$B,A3) -> 48 | E3: =RANK(B3,$B$2:$B$11) -> 6 | F3: =B3/SUM($B$2:$B$11) -> 0.074261659 | H3: Median per route | I3: 2468.313
A4: R3 | B4: =SUMIF(Data!$B:$B,A4,Data!$G:$G) -> 5158.25 | C4: =AVERAGEIF(Data!$B:$B,A4,Data!$G:$G) -> 71.642361 | D4: =COUNTIF(Data!$B:$B,A4) -> 72 | E4: =RANK(B4,$B$2:$B$11) -> 3 | F4: =B4/SUM($B$2:$B$11) -> 0.17047628 | H4: Std deviation | I4: =STDEV(B2:B11) -> 1711.5858
A5: R4 | B5: =SUMIF(Data!$B:$B,A5,Data!$G:$G) -> 887 | C5: =AVERAGEIF(Data!$B:$B,A5,Data!$G:$G) -> 49.277778 | D5: =COUNTIF(Data!$B:$B,A5) -> 18 | E5: =RANK(B5,$B$2:$B$11) -> 10 | F5: =B5/SUM($B$2:$B$11) -> 0.029314683 | H5: Busiest route | I5: =INDEX(A2:A11,MATCH(MAX(B2:B11),B2:B11,0)) -> R5
A6: R5 | B6: =SUMIF(Data!$B:$B,A6,Data!$G:$G) -> 5379.125 | C6: =AVERAGEIF(Data!$B:$B,A6,Data!$G:$G) -> 74.710069 | D6: =COUNTIF(Data!$B:$B,A6) -> 72 | E6: =RANK(B6,$B$2:$B$11) -> 1 | F6: =B6/SUM($B$2:$B$11) -> 0.17777603
A7: R6 | B7: =SUMIF(Data!$B:$B,A7,Data!$G:$G) -> 2208 | C7: =AVERAGEIF(Data!$B:$B,A7,Data!$G:$G) -> 50.181818 | D7: =COUNTIF(Data!$B:$B,A7) -> 44 | E7: =RANK(B7,$B$2:$B$11) -> 7 | F7: =B7/SUM($B$2:$B$11) -> 0.072972739
A8: R7 | B8: =SUMIF(Data!$B:$B,A8,Data!$G:$G) -> 1724 | C8: =AVERAGEIF(Data!$B:$B,A8,Data!$G:$G) -> 50.705882 | D8: =COUNTIF(Data!$B:$B,A8) -> 34 | E8: =RANK(B8,$B$2:$B$11) -> 8 | F8: =B8/SUM($B$2:$B$11) -> 0.056976903
A9: R8 | B9: =SUMIF(Data!$B:$B,A9,Data!$G:$G) -> 3356.25 | C9: =AVERAGEIF(Data!$B:$B,A9,Data!$G:$G) -> 71.409574 | D9: =COUNTIF(Data!$B:$B,A9) -> 47 | E9: =RANK(B9,$B$2:$B$11) -> 4 | F9: =B9/SUM($B$2:$B$11) -> 0.11092154
A10: R9 | B10: =SUMIF(Data!$B:$B,A10,Data!$G:$G) -> 1260 | C10: =AVERAGEIF(Data!$B:$B,A10,Data!$G:$G) -> 46.666667 | D10: =COUNTIF(Data!$B:$B,A10) -> 27 | E10: =RANK(B10,$B$2:$B$11) -> 9 | F10: =B10/SUM($B$2:$B$11) -> 0.041642052
A11: R10 | B11: =SUMIF(Data!$B:$B,A11,Data!$G:$G) -> 2689.625 | C11: =AVERAGEIF(Data!$B:$B,A11,Data!$G:$G) -> 58.470109 | D11: =COUNTIF(Data!$B:$B,A11) -> 46 | E11: =RANK(B11,$B$2:$B$11) -> 5 | F11: =B11/SUM($B$2:$B$11) -> 0.088890082

Sheet Summary
A1: MetroLink Transit Insight – Summary
A2: Total passengers | B2: =SUM(Data!G:G) -> 30257.875
A3: Total trips | B3: =COUNTA(Data!A:A)-1 -> 500
A4: Busiest route | B4: ='Route Demand'!I5 -> R5
A7: Avg boardings, weekday | B7: =AVERAGEIF(Data!U:U,0,Data!G:G) -> 64.96
A8: Avg boardings, weekend | B8: =AVERAGEIF(Data!U:U,1,Data!G:G) -> 50.145833
A9: Weekend vs weekday | B9: =(B8-B7)/B7 -> -0.2280506
A10: Average delay (min) | B10: =AVERAGE(Data!P:P) -> 5.5396
A11: % trips delayed over 5 min | B11: =COUNTIF(Data!Y:Y,1)/COUNT(Data!Y:Y) -> 0.45
A12: Most delayed route | B12: R3 (type it, from your delay pivot)
A13: Event uplift % | B13: =(AVERAGEIF(Data!W:W,1,Data!G:G)-AVERAGEIF(Data!W:W,0,Data!G:G))/AVERAGEIF(Data!W:W,0,Data!G:G) -> 0.10552411
